date,City,employment,employment_rate,labour_force,participation_rate,population,unemployment,unemployment_rate
2011-01-01,Montreal,2021.0,61.4,2199.8,66.8,3291.5,178.7,8.1
2011-01-01,Toronto,2968.0,63.1,3238.2,68.9,4702.5,270.2,8.3
2011-01-01,Vancouver,1221.2,61.8,1324.9,67.1,1975.8,103.7,7.8
2011-02-01,Montreal,2034.0,61.7,2209.0,67.1,3294.5,174.9,7.9
2011-02-01,Toronto,2941.3,62.5,3216.9,68.3,4709.2,275.6,8.6
2011-02-01,Vancouver,1211.5,61.3,1328.4,67.2,1977.3,116.9,8.8
2011-03-01,Montreal,2035.2,61.7,2207.8,67.0,3297.6,172.7,7.8
2011-03-01,Toronto,2923.8,62.0,3231.4,68.5,4715.6,307.6,9.5
2011-03-01,Vancouver,1216.0,61.5,1320.8,66.7,1978.8,104.8,7.9
2011-04-01,Montreal,2030.8,61.5,2215.2,67.1,3300.9,184.3,8.3
2011-04-01,Toronto,2933.8,62.1,3225.8,68.3,4722.2,291.9,9.0
2011-04-01,Vancouver,1222.6,61.7,1332.2,67.3,1980.2,109.5,8.2
2011-05-01,Montreal,2021.4,61.2,2205.6,66.7,3304.6,184.2,8.4
2011-05-01,Toronto,2927.4,61.9,3210.7,67.9,4730.6,283.2,8.8
2011-05-01,Vancouver,1214.5,61.3,1310.1,66.1,1982.6,95.7,7.3
2011-06-01,Montreal,2036.3,61.6,2220.7,67.2,3306.6,184.4,8.3
2011-06-01,Toronto,2927.7,61.8,3205.9,67.7,4737.7,278.2,8.7
2011-06-01,Vancouver,1216.4,61.3,1314.3,66.2,1985.5,97.9,7.4
2011-07-01,Montreal,2022.8,61.1,2204.6,66.6,3309.1,181.8,8.2
2011-07-01,Toronto,2938.1,61.9,3209.4,67.6,4745.0,271.3,8.5
2011-07-01,Vancouver,1220.3,61.4,1316.6,66.2,1988.7,96.3,7.3
2011-08-01,Montreal,2009.8,60.7,2198.8,66.4,3312.5,189.0,8.6
2011-08-01,Toronto,2932.8,61.7,3201.4,67.3,4753.6,268.6,8.4
2011-08-01,Vancouver,1222.7,61.4,1325.3,66.5,1992.6,102.6,7.7
2011-09-01,Montreal,2007.0,60.5,2178.5,65.7,3315.0,171.5,7.9
2011-09-01,Toronto,2914.3,61.2,3179.5,66.8,4760.3,265.2,8.3
2011-09-01,Vancouver,1256.8,63.0,1348.1,67.6,1995.6,91.3,6.8
2011-10-01,Montreal,1982.7,59.8,2182.0,65.8,3317.4,199.3,9.1
2011-10-01,Toronto,2899.3,60.8,3177.4,66.7,4766.7,278.1,8.8
2011-10-01,Vancouver,1250.6,62.6,1342.5,67.2,1998.5,91.9,6.8
2011-11-01,Montreal,1970.8,59.4,2171.2,65.4,3319.8,200.5,9.2
2011-11-01,Toronto,2905.3,60.9,3179.5,66.6,4772.7,274.2,8.6
2011-11-01,Vancouver,1246.3,62.3,1343.4,67.1,2001.4,97.1,7.2
2011-12-01,Montreal,1964.8,59.1,2171.9,65.4,3322.0,207.0,9.5
2011-12-01,Toronto,2895.8,60.6,3164.3,66.2,4778.8,268.4,8.5
2011-12-01,Vancouver,1239.9,61.9,1333.0,66.5,2004.0,93.1,7.0
2012-01-01,Montreal,1997.7,60.1,2206.1,66.4,3324.2,208.4,9.4
2012-01-01,Toronto,2895.0,60.5,3184.3,66.5,4785.3,289.3,9.1
2012-01-01,Vancouver,1246.7,62.1,1336.1,66.6,2006.9,89.4,6.7
2012-02-01,Montreal,1982.5,59.6,2194.9,66.0,3326.1,212.3,9.7
2012-02-01,Toronto,2901.9,60.6,3185.4,66.5,4791.5,283.5,8.9
2012-02-01,Vancouver,1248.7,62.1,1332.7,66.3,2009.9,84.0,6.3
2012-03-01,Montreal,2008.3,60.3,2205.1,66.3,3328.0,196.9,8.9
2012-03-01,Toronto,2936.7,61.2,3220.1,67.1,4797.5,283.3,8.8
2012-03-01,Vancouver,1247.7,62.0,1340.8,66.6,2012.8,93.1,6.9
2012-04-01,Montreal,2041.4,61.3,2239.9,67.2,3330.9,198.5,8.9
2012-04-01,Toronto,2914.5,60.7,3207.2,66.7,4805.2,292.7,9.1
2012-04-01,Vancouver,1248.2,61.9,1334.5,66.2,2016.6,86.4,6.5
2012-05-01,Montreal,2042.2,61.3,2241.9,67.3,3333.3,199.7,8.9
2012-05-01,Toronto,2924.2,60.8,3222.4,67.0,4811.5,298.2,9.3
2012-05-01,Vancouver,1258.2,62.3,1356.7,67.2,2019.6,98.6,7.3
2012-06-01,Montreal,2028.6,60.8,2219.4,66.5,3336.1,190.8,8.6
2012-06-01,Toronto,2932.4,60.9,3219.5,66.8,4818.4,287.1,8.9
2012-06-01,Vancouver,1262.5,62.4,1358.7,67.2,2022.9,96.2,7.1
2012-07-01,Montreal,2040.1,61.1,2210.0,66.2,3339.4,169.9,7.7
2012-07-01,Toronto,2955.1,61.2,3241.5,67.2,4826.8,286.4,8.8
2012-07-01,Vancouver,1262.9,62.3,1360.0,67.1,2026.7,97.2,7.1
2012-08-01,Montreal,2061.7,61.7,2240.9,67.1,3341.7,179.2,8.0
2012-08-01,Toronto,2965.0,61.4,3262.3,67.5,4832.3,297.3,9.1
2012-08-01,Vancouver,1263.2,62.2,1358.2,66.9,2029.5,94.9,7.0
2012-09-01,Montreal,2064.4,61.7,2247.7,67.2,3343.9,183.3,8.2
2012-09-01,Toronto,3009.0,62.2,3292.9,68.1,4837.9,283.9,8.6
2012-09-01,Vancouver,1253.3,61.7,1360.5,67.0,2032.1,107.2,7.9
2012-10-01,Montreal,2058.5,61.5,2241.5,67.0,3346.1,183.0,8.2
2012-10-01,Toronto,3014.6,62.2,3298.4,68.1,4843.6,283.8,8.6
2012-10-01,Vancouver,1262.8,62.1,1363.8,67.0,2034.9,100.9,7.4
2012-11-01,Montreal,2046.6,61.1,2242.2,67.0,3348.1,195.6,8.7
2012-11-01,Toronto,3022.1,62.3,3306.7,68.2,4849.3,284.6,8.6
2012-11-01,Vancouver,1263.2,62.0,1356.7,66.6,2037.6,93.5,6.9
2012-12-01,Montreal,2085.2,62.2,2267.0,67.7,3350.1,181.8,8.0
2012-12-01,Toronto,3047.4,62.8,3328.3,68.6,4854.8,281.0,8.4
2012-12-01,Vancouver,1255.1,61.5,1344.8,65.9,2040.2,89.7,6.7
2013-01-01,Montreal,2078.6,62.0,2259.0,67.4,3351.7,180.4,8.0
2013-01-01,Toronto,3047.6,62.7,3331.2,68.5,4861.3,283.5,8.5
2013-01-01,Vancouver,1250.8,61.2,1346.8,65.9,2043.5,96.0,7.1
2013-02-01,Montreal,2080.2,62.0,2259.0,67.4,3352.8,178.7,7.9
2013-02-01,Toronto,3049.5,62.7,3317.7,68.2,4865.7,268.2,8.1
2013-02-01,Vancouver,1271.7,62.2,1364.1,66.7,2045.7,92.4,6.8
2013-03-01,Montreal,2060.0,61.4,2257.5,67.3,3354.6,197.4,8.7
2013-03-01,Toronto,3042.4,62.5,3310.8,68.0,4871.1,268.4,8.1
2013-03-01,Vancouver,1262.1,61.6,1363.7,66.6,2048.6,101.7,7.5
2013-04-01,Montreal,2064.4,61.5,2255.9,67.2,3357.1,191.4,8.5
2013-04-01,Toronto,3058.3,62.7,3325.3,68.2,4878.5,267.0,8.0
2013-04-01,Vancouver,1265.0,61.6,1364.9,66.5,2052.1,100.0,7.3
2013-05-01,Montreal,2092.7,62.3,2276.3,67.8,3359.2,183.6,8.1
2013-05-01,Toronto,3067.5,62.8,3328.8,68.1,4884.7,261.4,7.9
2013-05-01,Vancouver,1264.6,61.5,1340.6,65.2,2055.2,76.0,5.7
2013-06-01,Montreal,2085.3,62.0,2263.2,67.3,3361.5,177.9,7.9
2013-06-01,Toronto,3080.7,63.0,3354.3,68.6,4891.3,273.6,8.2
2013-06-01,Vancouver,1262.9,61.4,1355.1,65.8,2058.5,92.2,6.8
2013-07-01,Montreal,2079.6,61.8,2271.0,67.5,3363.8,191.4,8.4
2013-07-01,Toronto,3062.8,62.5,3339.9,68.2,4899.1,277.1,8.3
2013-07-01,Vancouver,1264.3,61.3,1358.6,65.9,2062.8,94.3,6.9
2013-08-01,Montreal,2064.2,61.3,2258.8,67.1,3365.3,194.6,8.6
2013-08-01,Toronto,3090.2,63.0,3360.6,68.5,4904.5,270.4,8.0
2013-08-01,Vancouver,1268.4,61.4,1358.0,65.7,2066.1,89.7,6.6
2013-09-01,Montreal,2060.6,61.2,2248.8,66.8,3367.1,188.2,8.4
2013-09-01,Toronto,3079.4,62.7,3356.4,68.3,4910.9,277.0,8.3
2013-09-01,Vancouver,1275.3,61.6,1354.5,65.4,2069.8,79.1,5.8
2013-10-01,Montreal,2091.7,62.1,2271.6,67.4,3368.6,179.9,7.9
2013-10-01,Toronto,3085.9,62.8,3359.2,68.3,4916.1,273.2,8.1
2013-10-01,Vancouver,1257.4,60.7,1342.0,64.7,2073.0,84.6,6.3
2013-11-01,Montreal,2098.8,62.3,2275.7,67.5,3369.9,176.9,7.8
2013-11-01,Toronto,3089.4,62.8,3361.7,68.3,4920.8,272.4,8.1
2013-11-01,Vancouver,1268.5,61.1,1358.3,65.4,2076.0,89.8,6.6
2013-12-01,Montreal,2065.2,61.3,2263.1,67.1,3371.1,197.9,8.7
2013-12-01,Toronto,3085.6,62.6,3366.5,68.3,4925.4,280.9,8.3
2013-12-01,Vancouver,1285.5,61.8,1374.7,66.1,2078.7,89.2,6.5
2014-01-01,Montreal,2060.1,61.1,2248.3,66.7,3372.0,188.2,8.4
2014-01-01,Toronto,3077.3,62.4,3345.2,67.9,4930.1,268.0,8.0
2014-01-01,Vancouver,1284.1,61.7,1371.3,65.9,2081.6,87.2,6.4
2014-02-01,Montreal,2069.5,61.4,2260.5,67.0,3372.7,191.0,8.4
2014-02-01,Toronto,3087.6,62.6,3360.5,68.1,4933.9,272.9,8.1
2014-02-01,Vancouver,1273.5,61.1,1361.6,65.3,2084.5,88.1,6.5
2014-03-01,Montreal,2070.2,61.4,2255.0,66.8,3373.8,184.7,8.2
2014-03-01,Toronto,3084.9,62.5,3343.3,67.7,4938.9,258.4,7.7
2014-03-01,Vancouver,1288.8,61.7,1364.3,65.3,2088.2,75.4,5.5
2014-04-01,Montreal,2056.9,60.9,2236.3,66.3,3375.4,179.4,8.0
2014-04-01,Toronto,3094.6,62.6,3349.5,67.7,4945.0,254.9,7.6
2014-04-01,Vancouver,1294.3,61.8,1371.4,65.5,2092.9,77.2,5.6
2014-05-01,Montreal,2050.5,60.7,2223.2,65.8,3377.1,172.7,7.8
2014-05-01,Toronto,3045.0,61.5,3326.3,67.2,4950.0,281.3,8.5
2014-05-01,Vancouver,1292.6,61.6,1376.8,65.7,2096.8,84.2,6.1
2014-06-01,Montreal,2069.4,61.2,2256.4,66.8,3379.6,187.0,8.3
2014-06-01,Toronto,3035.0,61.2,3317.1,66.9,4956.7,282.1,8.5
2014-06-01,Vancouver,1296.0,61.7,1377.7,65.6,2101.6,81.7,5.9
2014-07-01,Montreal,2057.1,60.8,2251.9,66.6,3381.6,194.8,8.7
2014-07-01,Toronto,3026.5,61.0,3311.8,66.7,4961.8,285.3,8.6
2014-07-01,Vancouver,1300.3,61.8,1377.4,65.4,2105.0,77.1,5.6
2014-08-01,Montreal,2064.0,61.0,2240.8,66.2,3383.1,176.8,7.9
2014-08-01,Toronto,3018.7,60.8,3289.7,66.2,4965.8,270.9,8.2
2014-08-01,Vancouver,1298.4,61.6,1379.4,65.4,2108.1,81.0,5.9
2014-09-01,Montreal,2059.5,60.8,2252.8,66.6,3384.9,193.4,8.6
2014-09-01,Toronto,3033.7,61.0,3306.0,66.5,4970.2,272.3,8.2
2014-09-01,Vancouver,1307.5,61.9,1391.5,65.9,2111.9,84.0,6.0
2014-10-01,Montreal,2063.0,60.9,2249.1,66.4,3386.0,186.1,8.3
2014-10-01,Toronto,3060.7,61.5,3321.2,66.8,4973.3,260.5,7.8
2014-10-01,Vancouver,1310.5,62.0,1393.9,65.9,2114.5,83.4,6.0
2014-11-01,Montreal,2076.9,61.3,2264.8,66.9,3386.8,187.8,8.3
2014-11-01,Toronto,3050.9,61.3,3315.2,66.6,4976.6,264.3,8.0
2014-11-01,Vancouver,1306.3,61.7,1386.6,65.5,2117.3,80.3,5.8
2014-12-01,Montreal,2077.9,61.3,2246.6,66.3,3387.7,168.7,7.5
2014-12-01,Toronto,3042.1,61.1,3285.4,66.0,4979.9,243.2,7.4
2014-12-01,Vancouver,1307.8,61.7,1387.5,65.5,2119.7,79.7,5.7
2015-01-01,Montreal,2069.2,61.1,2247.2,66.3,3388.0,178.0,7.9
2015-01-01,Toronto,3042.7,61.1,3287.6,66.0,4982.7,244.9,7.4
2015-01-01,Vancouver,1304.3,61.5,1391.3,65.6,2122.3,87.0,6.3
2015-02-01,Montreal,2083.8,61.5,2253.4,66.5,3388.0,169.7,7.5
2015-02-01,Toronto,3065.4,61.5,3317.7,66.5,4985.6,252.3,7.6
2015-02-01,Vancouver,1303.8,61.3,1384.2,65.1,2125.3,80.4,5.8
2015-03-01,Montreal,2078.1,61.3,2261.9,66.8,3388.5,183.7,8.1
2015-03-01,Toronto,3086.8,61.9,3330.5,66.8,4988.8,243.7,7.3
2015-03-01,Vancouver,1308.5,61.5,1386.5,65.1,2128.5,78.0,5.6
2015-04-01,Montreal,2065.1,60.9,2251.5,66.4,3389.4,186.3,8.3
2015-04-01,Toronto,3077.2,61.6,3320.8,66.5,4992.5,243.6,7.3
2015-04-01,Vancouver,1297.6,60.9,1381.5,64.8,2132.0,83.9,6.1
2015-05-01,Montreal,2056.0,60.6,2255.3,66.5,3390.7,199.3,8.8
2015-05-01,Toronto,3104.7,62.1,3330.8,66.7,4996.7,226.2,6.8
2015-05-01,Vancouver,1312.9,61.5,1390.3,65.1,2135.4,77.4,5.6
2015-06-01,Montreal,2054.0,60.5,2263.6,66.7,3392.8,209.6,9.3
2015-06-01,Toronto,3120.3,62.4,3344.9,66.9,5003.4,224.6,6.7
2015-06-01,Vancouver,1310.2,61.2,1388.3,64.9,2139.5,78.1,5.6
2015-07-01,Montreal,2089.5,61.6,2286.4,67.4,3394.6,197.0,8.6
2015-07-01,Toronto,3151.3,62.9,3378.5,67.4,5009.1,227.2,6.7
2015-07-01,Vancouver,1295.4,60.4,1374.1,64.1,2143.0,78.8,5.7
2015-08-01,Montreal,2079.0,61.2,2277.0,67.0,3396.3,198.0,8.7
2015-08-01,Toronto,3161.2,63.0,3401.3,67.8,5014.5,240.1,7.1
2015-08-01,Vancouver,1328.0,61.9,1405.3,65.5,2146.8,77.2,5.5
2015-09-01,Montreal,2072.6,61.0,2262.4,66.6,3398.3,189.8,8.4
2015-09-01,Toronto,3151.9,62.8,3387.5,67.5,5021.0,235.6,7.0
2015-09-01,Vancouver,1338.7,62.2,1423.6,66.2,2151.3,84.9,6.0
2015-10-01,Montreal,2054.3,60.4,2250.8,66.2,3399.5,196.5,8.7
2015-10-01,Toronto,3146.6,62.6,3400.7,67.7,5026.2,254.0,7.5
2015-10-01,Vancouver,1360.0,63.1,1438.3,66.8,2154.6,78.3,5.4
2015-11-01,Montreal,2061.3,60.6,2259.3,66.4,3400.9,198.0,8.8
2015-11-01,Toronto,3144.7,62.5,3386.2,67.3,5030.9,241.5,7.1
2015-11-01,Vancouver,1370.8,63.5,1444.7,67.0,2157.5,74.0,5.1
2015-12-01,Montreal,2057.2,60.5,2251.9,66.2,3402.6,194.7,8.6
2015-12-01,Toronto,3160.1,62.8,3407.2,67.7,5035.6,247.1,7.3
2015-12-01,Vancouver,1362.7,63.1,1449.5,67.1,2160.1,86.8,6.0
2016-01-01,Montreal,2058.4,60.5,2250.4,66.1,3404.9,192.0,8.5
2016-01-01,Toronto,3152.1,62.5,3388.3,67.2,5041.4,236.3,7.0
2016-01-01,Vancouver,1369.9,63.3,1453.8,67.2,2163.4,83.9,5.8
2016-02-01,Montreal,2050.9,60.2,2252.1,66.1,3406.5,201.2,8.9
2016-02-01,Toronto,3138.6,62.2,3384.5,67.0,5048.2,245.9,7.3
2016-02-01,Vancouver,1377.9,63.6,1470.6,67.8,2167.6,92.7,6.3
2016-03-01,Montreal,2060.9,60.5,2254.2,66.1,3408.0,193.3,8.6
2016-03-01,Toronto,3131.7,62.0,3386.1,67.0,5053.8,254.4,7.5
2016-03-01,Vancouver,1383.3,63.7,1472.5,67.8,2171.4,89.1,6.1
2016-04-01,Montreal,2074.3,60.8,2271.9,66.6,3409.2,197.7,8.7
2016-04-01,Toronto,3149.2,62.2,3419.7,67.6,5059.5,270.5,7.9
2016-04-01,Vancouver,1394.9,64.1,1466.8,67.4,2175.7,71.9,4.9
2016-05-01,Montreal,2087.3,61.2,2277.7,66.8,3411.7,190.4,8.4
2016-05-01,Toronto,3159.2,62.3,3395.2,67.0,5067.3,236.1,7.0
2016-05-01,Vancouver,1393.8,63.9,1472.3,67.5,2180.8,78.4,5.3
2016-06-01,Montreal,2075.1,60.8,2250.1,65.9,3414.5,174.9,7.8
2016-06-01,Toronto,3168.8,62.4,3375.7,66.5,5074.6,206.9,6.1
2016-06-01,Vancouver,1392.8,63.8,1472.4,67.4,2184.4,79.5,5.4
2016-07-01,Montreal,2075.5,60.7,2252.5,65.9,3417.7,176.9,7.9
2016-07-01,Toronto,3151.3,62.0,3377.9,66.5,5081.9,226.5,6.7
2016-07-01,Vancouver,1414.7,64.7,1495.5,68.4,2187.3,80.8,5.4
2016-08-01,Montreal,2109.4,61.7,2273.7,66.5,3421.2,164.2,7.2
2016-08-01,Toronto,3156.2,62.0,3395.1,66.7,5090.2,238.9,7.0
2016-08-01,Vancouver,1404.7,64.1,1482.9,67.7,2190.5,78.2,5.3
2016-09-01,Montreal,2129.4,62.2,2289.1,66.8,3424.6,159.7,7.0
2016-09-01,Toronto,3141.5,61.6,3382.5,66.4,5096.5,241.0,7.1
2016-09-01,Vancouver,1397.8,63.7,1478.8,67.4,2192.8,81.0,5.5
2016-10-01,Montreal,2128.1,62.1,2283.0,66.6,3427.0,154.9,6.8
2016-10-01,Toronto,3126.7,61.3,3359.8,65.8,5102.5,233.2,6.9
2016-10-01,Vancouver,1396.4,63.6,1477.6,67.3,2195.0,81.2,5.5
2016-11-01,Montreal,2123.3,61.9,2267.0,66.1,3429.7,143.8,6.3
2016-11-01,Toronto,3144.1,61.6,3371.0,66.0,5108.1,226.9,6.7
2016-11-01,Vancouver,1376.9,62.7,1455.3,66.2,2197.1,78.4,5.4
2016-12-01,Montreal,2137.0,62.3,2291.6,66.8,3432.0,154.6,6.7
2016-12-01,Toronto,3136.3,61.3,3379.9,66.1,5113.2,243.6,7.2
2016-12-01,Vancouver,1387.3,63.1,1464.9,66.6,2199.0,77.6,5.3
2017-01-01,Montreal,2131.6,62.0,2291.5,66.7,3436.0,159.9,7.0
2017-01-01,Toronto,3172.8,62.0,3429.3,67.0,5119.9,256.5,7.5
2017-01-01,Vancouver,1397.4,63.5,1467.3,66.7,2201.3,69.8,4.8
2017-02-01,Montreal,2129.9,61.9,2291.6,66.7,3438.2,161.8,7.1
2017-02-01,Toronto,3182.6,62.1,3427.2,66.9,5124.9,244.6,7.1
2017-02-01,Vancouver,1406.2,63.8,1471.9,66.8,2203.7,65.7,4.5
2017-03-01,Montreal,2141.0,62.2,2291.2,66.6,3441.7,150.1,6.6
2017-03-01,Toronto,3188.2,62.1,3426.3,66.8,5131.1,238.1,6.9
2017-03-01,Vancouver,1413.2,64.0,1486.7,67.4,2206.7,73.5,4.9
2017-04-01,Montreal,2160.8,62.7,2308.9,67.0,3444.6,148.1,6.4
2017-04-01,Toronto,3203.4,62.4,3425.8,66.7,5137.3,222.4,6.5
2017-04-01,Vancouver,1429.2,64.7,1505.0,68.1,2210.0,75.8,5.0
2017-05-01,Montreal,2154.2,62.5,2303.3,66.8,3449.0,149.2,6.5
2017-05-01,Toronto,3235.4,62.9,3473.2,67.5,5145.5,237.8,6.8
2017-05-01,Vancouver,1443.9,65.2,1529.0,69.1,2213.8,85.2,5.6
2017-06-01,Montreal,2173.1,62.9,2324.7,67.3,3452.6,151.6,6.5
2017-06-01,Toronto,3208.2,62.3,3431.7,66.6,5152.7,223.5,6.5
2017-06-01,Vancouver,1462.5,66.0,1537.1,69.3,2217.0,74.7,4.9
2017-07-01,Montreal,2185.1,63.2,2320.8,67.1,3457.0,135.6,5.8
2017-07-01,Toronto,3218.3,62.4,3450.8,66.9,5160.9,232.5,6.7
2017-07-01,Vancouver,1455.1,65.5,1527.3,68.8,2219.9,72.2,4.7
2017-08-01,Montreal,2181.1,63.0,2338.4,67.5,3462.3,157.3,6.7
2017-08-01,Toronto,3231.9,62.5,3434.0,66.4,5171.5,202.2,5.9
2017-08-01,Vancouver,1444.6,65.0,1514.9,68.1,2223.5,70.3,4.6
2017-09-01,Montreal,2192.0,63.2,2343.5,67.6,3465.9,151.5,6.5
2017-09-01,Toronto,3247.6,62.7,3465.0,66.9,5179.4,217.4,6.3
2017-09-01,Vancouver,1437.5,64.6,1506.6,67.7,2226.4,69.1,4.6
2017-10-01,Montreal,2198.6,63.4,2360.5,68.0,3469.6,161.9,6.9
2017-10-01,Toronto,3264.4,62.9,3474.9,67.0,5187.4,210.5,6.1
2017-10-01,Vancouver,1440.1,64.6,1507.9,67.6,2229.2,67.8,4.5
2017-11-01,Montreal,2189.3,63.0,2331.4,67.1,3473.4,142.1,6.1
2017-11-01,Toronto,3271.9,63.0,3502.9,67.4,5195.4,231.0,6.6
2017-11-01,Vancouver,1454.7,65.2,1525.5,68.3,2231.9,70.8,4.6
2017-12-01,Montreal,2207.7,63.5,2348.1,67.5,3476.9,140.4,6.0
2017-12-01,Toronto,3295.5,63.3,3536.4,68.0,5203.3,240.9,6.8
2017-12-01,Vancouver,1472.8,65.9,1533.8,68.6,2234.5,61.0,4.0
2018-01-01,Montreal,2235.3,64.2,2375.8,68.2,3481.6,140.4,5.9
2018-01-01,Toronto,3290.5,63.1,3497.1,67.1,5214.5,206.7,5.9
2018-01-01,Vancouver,1477.9,66.0,1538.0,68.7,2238.0,60.1,3.9
2018-02-01,Montreal,2217.3,63.6,2387.3,68.5,3484.1,170.0,7.1
2018-02-01,Toronto,3278.9,62.8,3482.3,66.7,5221.9,203.4,5.8
2018-02-01,Vancouver,1470.7,65.6,1532.1,68.4,2241.1,61.5,4.0
2018-03-01,Montreal,2231.7,64.0,2371.6,68.0,3488.2,139.9,5.9
2018-03-01,Toronto,3285.6,62.8,3489.1,66.7,5230.4,203.5,5.8
2018-03-01,Vancouver,1462.5,65.2,1522.7,67.8,2244.7,60.2,4.0
2018-04-01,Montreal,2206.5,63.2,2353.4,67.4,3493.1,146.9,6.2
2018-04-01,Toronto,3272.7,62.4,3470.4,66.2,5241.1,197.7,5.7
2018-04-01,Vancouver,1450.1,64.5,1518.4,67.5,2249.2,68.3,4.5
2018-05-01,Montreal,2237.1,64.0,2378.7,68.0,3497.2,141.6,6.0
2018-05-01,Toronto,3270.5,62.3,3493.5,66.5,5249.8,223.0,6.4
2018-05-01,Vancouver,1434.1,63.6,1495.7,66.4,2253.2,61.6,4.1
2018-06-01,Montreal,2233.7,63.8,2369.6,67.7,3501.6,135.8,5.7
2018-06-01,Toronto,3289.0,62.5,3513.5,66.8,5259.2,224.5,6.4
2018-06-01,Vancouver,1438.8,63.8,1502.9,66.6,2256.9,64.0,4.3
2018-07-01,Montreal,2221.8,63.4,2366.1,67.5,3506.0,144.3,6.1
2018-07-01,Toronto,3294.2,62.5,3494.9,66.3,5270.0,200.7,5.7
2018-07-01,Vancouver,1445.4,63.9,1513.8,66.9,2261.3,68.4,4.5
2018-08-01,Montreal,2210.3,63.0,2367.7,67.5,3507.9,157.4,6.6
2018-08-01,Toronto,3270.3,62.0,3480.7,66.0,5277.2,210.4,6.0
2018-08-01,Vancouver,1476.5,65.2,1540.4,68.0,2264.0,63.8,4.1
2018-09-01,Montreal,2215.1,63.1,2363.3,67.3,3510.1,148.2,6.3
2018-09-01,Toronto,3270.1,61.9,3487.0,66.0,5284.0,216.9,6.2
2018-09-01,Vancouver,1495.3,66.0,1555.0,68.6,2266.7,59.7,3.8
2018-10-01,Montreal,2227.7,63.4,2359.4,67.2,3512.9,131.7,5.6
2018-10-01,Toronto,3299.3,62.4,3516.4,66.5,5290.9,217.1,6.2
2018-10-01,Vancouver,1491.5,65.7,1557.3,68.6,2269.2,65.8,4.2
2018-11-01,Montreal,2262.9,64.4,2405.9,68.4,3515.6,143.0,5.9
2018-11-01,Toronto,3300.3,62.3,3516.3,66.4,5297.3,216.1,6.1
2018-11-01,Vancouver,1509.2,66.4,1577.8,69.5,2271.6,68.6,4.3
2018-12-01,Montreal,2226.1,63.3,2373.8,67.5,3518.4,147.7,6.2
2018-12-01,Toronto,3298.3,62.2,3514.3,66.3,5303.4,215.9,6.1
2018-12-01,Vancouver,1505.6,66.2,1580.4,69.5,2273.9,74.8,4.7
2019-01-01,Montreal,2218.8,63.0,2357.7,67.0,3520.9,138.9,5.9
2019-01-01,Toronto,3304.1,62.2,3530.6,66.5,5311.2,226.6,6.4
2019-01-01,Vancouver,1510.7,66.4,1590.9,69.9,2276.7,80.1,5.0
2019-02-01,Montreal,2236.0,63.5,2373.6,67.4,3522.4,137.6,5.8
2019-02-01,Toronto,3345.8,62.9,3571.1,67.2,5316.3,225.4,6.3
2019-02-01,Vancouver,1517.1,66.6,1590.1,69.8,2279.0,73.0,4.6
2019-03-01,Montreal,2229.6,63.3,2364.6,67.1,3524.3,135.0,5.7
2019-03-01,Toronto,3351.9,63.0,3593.5,67.5,5322.8,241.7,6.7
2019-03-01,Vancouver,1515.1,66.4,1591.2,69.7,2282.0,76.1,4.8
2019-04-01,Montreal,2243.6,63.6,2365.1,67.1,3527.2,121.5,5.1
2019-04-01,Toronto,3364.3,63.1,3595.3,67.4,5331.4,231.0,6.4
2019-04-01,Vancouver,1511.4,66.1,1582.4,69.2,2286.4,71.0,4.5
2019-05-01,Montreal,2197.0,62.2,2324.0,65.8,3529.6,126.9,5.5
2019-05-01,Toronto,3369.4,63.1,3568.0,66.8,5338.8,198.7,5.6
2019-05-01,Vancouver,1523.4,66.5,1592.1,69.5,2290.1,68.7,4.3
2019-06-01,Montreal,2211.8,62.6,2350.6,66.5,3532.3,138.7,5.9
2019-06-01,Toronto,3361.5,62.9,3565.4,66.7,5347.4,203.9,5.7
2019-06-01,Vancouver,1521.5,66.3,1592.1,69.4,2293.8,70.6,4.4
2019-07-01,Montreal,2226.4,62.9,2357.5,66.7,3536.8,131.1,5.6
2019-07-01,Toronto,3386.4,63.2,3598.9,67.1,5359.7,212.5,5.9
2019-07-01,Vancouver,1514.6,65.9,1584.4,68.9,2299.4,69.8,4.4
2019-08-01,Montreal,2244.2,63.4,2359.8,66.7,3539.5,115.6,4.9
2019-08-01,Toronto,3395.8,63.2,3601.2,67.1,5369.3,205.4,5.7
2019-08-01,Vancouver,1507.1,65.4,1580.5,68.6,2304.3,73.3,4.6
2019-09-01,Montreal,2237.6,63.2,2374.3,67.0,3543.0,136.7,5.8
2019-09-01,Toronto,3424.0,63.6,3616.4,67.2,5380.0,192.4,5.3
2019-09-01,Vancouver,1494.6,64.7,1569.4,67.9,2309.7,74.8,4.8
2019-10-01,Montreal,2225.3,62.7,2359.2,66.5,3546.7,134.0,5.7
2019-10-01,Toronto,3393.7,63.0,3594.7,66.7,5389.3,201.0,5.6
2019-10-01,Vancouver,1526.2,65.9,1607.1,69.4,2314.2,80.9,5.0
2019-11-01,Montreal,2213.1,62.3,2350.5,66.2,3550.8,137.4,5.8
2019-11-01,Toronto,3424.5,63.4,3623.5,67.1,5397.3,199.0,5.5
2019-11-01,Vancouver,1527.8,65.9,1606.0,69.3,2318.6,78.2,4.9
2019-12-01,Montreal,2254.5,63.4,2390.0,67.2,3554.7,135.5,5.7
2019-12-01,Toronto,3438.3,63.6,3625.7,67.1,5404.9,187.4,5.2
2019-12-01,Vancouver,1522.8,65.6,1594.1,68.6,2322.4,71.3,4.5
2020-01-01,Montreal,2256.8,63.4,2384.4,67.0,3558.1,127.6,5.4
2020-01-01,Toronto,3460.0,63.9,3653.8,67.5,5412.5,193.8,5.3
2020-01-01,Vancouver,1528.1,65.7,1596.9,68.6,2326.3,68.8,4.3
2020-02-01,Montreal,2261.7,63.5,2382.3,66.9,3561.5,120.6,5.1
2020-02-01,Toronto,3432.5,63.3,3638.7,67.1,5420.8,206.2,5.7
2020-02-01,Vancouver,1528.2,65.6,1607.8,69.0,2330.7,79.7,5.0
2020-03-01,Montreal,2088.0,58.6,2291.1,64.3,3565.0,203.1,8.9
2020-03-01,Toronto,3192.7,58.8,3494.0,64.3,5430.0,301.3,8.6
2020-03-01,Vancouver,1389.7,59.5,1507.1,64.5,2335.7,117.4,7.8
2020-04-01,Montreal,1834.7,51.4,2256.4,63.3,3567.3,421.7,18.7
2020-04-01,Toronto,2877.7,52.9,3282.7,60.4,5435.7,404.9,12.3
2020-04-01,Vancouver,1250.8,53.5,1415.6,60.5,2339.5,164.8,11.6
2020-05-01,Montreal,1906.7,53.4,2262.8,63.4,3569.1,356.2,15.7
2020-05-01,Toronto,2794.5,51.4,3340.9,61.4,5440.8,546.3,16.4
2020-05-01,Vancouver,1250.6,53.4,1448.2,61.8,2342.9,197.6,13.6
2020-06-01,Montreal,2110.2,59.1,2400.7,67.2,3571.0,290.4,12.1
2020-06-01,Toronto,2995.0,55.0,3490.5,64.1,5447.4,495.6,14.2
2020-06-01,Vancouver,1317.8,56.1,1533.5,65.3,2347.2,215.7,14.1
2020-07-01,Montreal,2128.2,59.6,2394.6,67.0,3572.7,266.4,11.1
2020-07-01,Toronto,3054.9,56.0,3590.0,65.8,5452.5,535.2,14.9
2020-07-01,Vancouver,1363.8,58.0,1536.5,65.4,2349.9,172.7,11.2
2020-08-01,Montreal,2150.6,60.2,2422.1,67.8,3574.2,271.6,11.2
2020-08-01,Toronto,3193.7,58.5,3637.4,66.7,5456.2,443.7,12.2
2020-08-01,Vancouver,1374.0,58.4,1547.0,65.8,2351.2,173.1,11.2
2020-09-01,Montreal,2217.3,62.0,2423.7,67.8,3575.1,206.4,8.5
2020-09-01,Toronto,3317.2,60.8,3728.3,68.3,5459.8,411.1,11.0
2020-09-01,Vancouver,1416.7,60.2,1565.5,66.5,2352.5,148.8,9.5
2020-10-01,Montreal,2197.6,61.5,2401.9,67.2,3574.9,204.2,8.5
2020-10-01,Toronto,3371.4,61.7,3759.9,68.8,5461.3,388.5,10.3
2020-10-01,Vancouver,1470.2,62.5,1596.8,67.9,2352.7,126.6,7.9
2020-11-01,Montreal,2174.1,60.8,2373.7,66.4,3574.2,199.6,8.4
2020-11-01,Toronto,3365.3,61.6,3737.0,68.4,5462.1,371.7,9.9
2020-11-01,Vancouver,1477.5,62.8,1607.4,68.3,2352.5,129.9,8.1
2020-12-01,Montreal,2156.2,60.4,2339.4,65.5,3572.6,183.2,7.8
2020-12-01,Toronto,3296.9,60.4,3719.7,68.1,5461.3,422.8,11.4
2020-12-01,Vancouver,1468.9,62.5,1596.3,67.9,2352.1,127.4,8.0
2021-01-01,Montreal,2153.7,60.3,2367.8,66.3,3570.5,214.1,9.0
2021-01-01,Toronto,3208.5,58.8,3654.5,66.9,5460.1,446.0,12.2
2021-01-01,Vancouver,1488.7,63.3,1619.2,68.9,2351.6,130.5,8.1
2021-02-01,Montreal,2186.7,61.3,2368.8,66.4,3568.7,182.1,7.7
2021-02-01,Toronto,3230.8,59.2,3642.6,66.7,5459.6,411.8,11.3
2021-02-01,Vancouver,1487.5,63.2,1612.1,68.5,2352.3,124.6,7.7
2021-03-01,Montreal,2202.4,61.7,2388.5,67.0,3567.1,186.1,7.8
2021-03-01,Toronto,3282.4,60.1,3604.4,66.0,5458.5,321.9,8.9
2021-03-01,Vancouver,1523.4,64.7,1643.3,69.8,2353.3,120.0,7.3
2021-04-01,Montreal,2198.1,61.7,2380.6,66.8,3565.3,182.5,7.7
2021-04-01,Toronto,3228.3,59.2,3594.5,65.9,5456.9,366.2,10.2
2021-04-01,Vancouver,1501.4,63.8,1614.7,68.6,2354.3,113.3,7.0
2021-05-01,Montreal,2200.1,61.7,2376.6,66.7,3563.7,176.5,7.4
2021-05-01,Toronto,3190.0,58.5,3578.8,65.6,5455.1,388.8,10.9
2021-05-01,Vancouver,1510.1,64.1,1628.5,69.1,2355.4,118.4,7.3
2021-06-01,Montreal,2272.2,63.8,2443.2,68.6,3562.5,171.0,7.0
2021-06-01,Toronto,3273.9,60.0,3632.5,66.6,5456.9,358.5,9.9
2021-06-01,Vancouver,1528.0,64.8,1648.1,69.9,2357.5,120.1,7.3
2021-07-01,Montreal,2252.0,63.2,2422.8,68.0,3562.6,170.8,7.0
2021-07-01,Toronto,3337.2,61.1,3678.5,67.4,5460.0,341.3,9.3
2021-07-01,Vancouver,1538.1,65.2,1651.6,70.0,2360.5,113.5,6.9
2021-08-01,Montreal,2229.5,62.6,2379.1,66.8,3562.9,149.5,6.3
2021-08-01,Toronto,3436.7,62.9,3769.0,69.0,5464.8,332.3,8.8
2021-08-01,Vancouver,1540.6,65.1,1649.8,69.8,2365.3,109.2,6.6
2021-09-01,Montreal,2233.9,62.7,2393.0,67.2,3563.2,159.1,6.6
2021-09-01,Toronto,3466.7,63.4,3781.6,69.1,5469.1,314.9,8.3
2021-09-01,Vancouver,1535.8,64.8,1641.2,69.3,2369.2,105.4,6.4
2021-10-01,Montreal,2254.3,63.2,2401.1,67.4,3564.7,146.9,6.1
2021-10-01,Toronto,3492.0,63.8,3778.4,69.0,5475.0,286.4,7.6
2021-10-01,Vancouver,1530.8,64.5,1624.2,68.4,2373.5,93.4,5.8
2021-11-01,Montreal,2292.8,64.3,2408.2,67.5,3566.1,115.5,4.8
2021-11-01,Toronto,3538.2,64.5,3815.5,69.6,5481.9,277.3,7.3
2021-11-01,Vancouver,1538.9,64.7,1629.0,68.5,2378.2,90.1,5.5
2021-12-01,Montreal,2283.7,64.0,2408.2,67.5,3568.1,124.4,5.2
2021-12-01,Toronto,3554.5,64.8,3834.2,69.9,5488.9,279.6,7.3
2021-12-01,Vancouver,1543.1,64.8,1634.8,68.6,2382.5,91.7,5.6
2022-01-01,Montreal,2261.2,63.4,2386.8,66.9,3569.1,125.6,5.3
2022-01-01,Toronto,3427.9,62.4,3759.0,68.4,5494.6,331.1,8.8
2022-01-01,Vancouver,1545.3,64.7,1631.1,68.3,2386.6,85.8,5.3
2022-02-01,Montreal,2281.1,63.9,2400.8,67.3,3569.7,119.7,5.0
2022-02-01,Toronto,3512.8,63.9,3769.4,68.5,5500.0,256.6,6.8
2022-02-01,Vancouver,1557.8,65.1,1636.9,68.4,2391.7,79.1,4.8
2022-03-01,Montreal,2284.7,64.0,2400.2,67.2,3571.9,115.5,4.8
2022-03-01,Toronto,3504.3,63.7,3738.2,67.9,5505.3,233.9,6.3
2022-03-01,Vancouver,1566.0,65.3,1652.8,69.0,2396.6,86.8,5.3
2022-04-01,Montreal,2278.4,63.7,2397.0,67.1,3574.2,118.6,4.9
2022-04-01,Toronto,3507.5,63.6,3751.7,68.1,5510.7,244.1,6.5
2022-04-01,Vancouver,1566.9,65.2,1649.9,68.7,2401.6,83.0,5.0
2022-05-01,Montreal,2288.0,64.0,2414.9,67.5,3577.4,127.0,5.3
2022-05-01,Toronto,3500.8,63.5,3719.3,67.4,5516.7,218.4,5.9
2022-05-01,Vancouver,1560.8,64.8,1641.9,68.2,2407.0,81.1,4.9
2022-06-01,Montreal,2281.7,63.7,2400.5,67.0,3581.0,118.9,5.0
2022-06-01,Toronto,3504.6,63.4,3719.0,67.3,5523.6,214.3,5.8
2022-06-01,Vancouver,1558.6,64.6,1635.7,67.8,2411.3,77.1,4.7
2022-07-01,Montreal,2292.2,63.9,2400.1,66.9,3585.3,107.9,4.5
2022-07-01,Toronto,3511.8,63.5,3720.9,67.3,5531.8,209.1,5.6
2022-07-01,Vancouver,1565.2,64.8,1641.2,68.0,2415.1,76.0,4.6
2022-08-01,Montreal,2309.9,64.3,2430.3,67.7,3590.0,120.4,5.0
2022-08-01,Toronto,3523.3,63.6,3741.6,67.5,5541.0,218.3,5.8
2022-08-01,Vancouver,1573.4,65.0,1646.2,68.0,2419.3,72.8,4.4
2022-09-01,Montreal,2305.1,64.1,2425.7,67.5,3594.5,120.6,5.0
2022-09-01,Toronto,3478.4,62.7,3705.2,66.8,5550.8,226.8,6.1
2022-09-01,Vancouver,1585.3,65.4,1652.1,68.2,2424.1,66.8,4.0
2022-10-01,Montreal,2325.2,64.6,2425.4,67.4,3598.6,100.2,4.1
2022-10-01,Toronto,3497.0,62.9,3737.0,67.2,5562.0,240.0,6.4
2022-10-01,Vancouver,1575.4,64.9,1659.2,68.3,2429.2,83.9,5.1
2022-11-01,Montreal,2332.0,64.7,2436.2,67.6,3603.7,104.2,4.3
2022-11-01,Toronto,3502.8,62.9,3748.2,67.3,5572.6,245.4,6.5
2022-11-01,Vancouver,1582.5,65.0,1659.8,68.2,2434.0,77.3,4.7
2022-12-01,Montreal,2358.6,65.3,2477.7,68.6,3609.2,119.1,4.8
2022-12-01,Toronto,3513.1,62.9,3734.5,66.9,5583.0,221.4,5.9
2022-12-01,Vancouver,1585.1,65.0,1657.7,68.0,2439.1,72.5,4.4
2023-01-01,Montreal,2387.5,66.0,2509.6,69.4,3615.9,122.1,4.9
2023-01-01,Toronto,3543.0,63.3,3770.8,67.4,5596.2,227.8,6.0
2023-01-01,Vancouver,1593.5,65.1,1678.3,68.6,2446.7,84.8,5.1
2023-02-01,Montreal,2365.8,65.3,2492.7,68.8,3622.4,126.8,5.1
2023-02-01,Toronto,3578.1,63.8,3792.5,67.6,5612.6,214.4,5.7
2023-02-01,Vancouver,1600.3,65.1,1696.4,69.1,2456.4,96.1,5.7
2023-03-01,Montreal,2372.7,65.4,2491.6,68.6,3629.7,119.0,4.8
2023-03-01,Toronto,3609.2,64.1,3827.6,68.0,5629.5,218.4,5.7
2023-03-01,Vancouver,1602.2,65.0,1685.4,68.3,2466.2,83.2,4.9
2023-04-01,Montreal,2393.0,65.8,2507.1,68.9,3636.8,114.1,4.6
2023-04-01,Toronto,3603.1,63.8,3818.6,67.6,5645.3,215.5,5.6
2023-04-01,Vancouver,1604.3,64.8,1698.3,68.6,2475.0,94.0,5.5
2023-05-01,Montreal,2404.2,66.0,2513.2,69.0,3644.6,109.0,4.3
2023-05-01,Toronto,3608.9,63.7,3845.2,67.9,5663.3,236.3,6.1
2023-05-01,Vancouver,1616.3,65.0,1702.2,68.5,2485.0,85.9,5.0
2023-06-01,Montreal,2393.1,65.5,2507.4,68.6,3652.9,114.4,4.6
2023-06-01,Toronto,3640.1,64.0,3888.0,68.4,5683.8,247.9,6.4
2023-06-01,Vancouver,1622.1,65.0,1722.2,69.0,2494.8,100.1,5.8
2023-07-01,Montreal,2383.6,65.1,2514.1,68.7,3661.3,130.5,5.2
2023-07-01,Toronto,3641.6,63.8,3892.9,68.2,5704.8,251.4,6.5
2023-07-01,Vancouver,1621.4,64.7,1724.3,68.8,2504.6,102.8,6.0
2023-08-01,Montreal,2392.6,65.2,2516.0,68.6,3669.9,123.4,4.9
2023-08-01,Toronto,3625.7,63.3,3881.2,67.8,5727.3,255.5,6.6
2023-08-01,Vancouver,1644.4,65.4,1742.0,69.3,2514.9,97.6,5.6
2023-09-01,Montreal,2401.1,65.3,2532.3,68.8,3678.8,131.2,5.2
2023-09-01,Toronto,3653.8,63.6,3911.2,68.0,5747.8,257.4,6.6
2023-09-01,Vancouver,1655.8,65.6,1768.0,70.0,2524.5,112.1,6.3
2023-10-01,Montreal,2363.1,64.1,2514.3,68.2,3688.7,151.2,6.0
2023-10-01,Toronto,3635.3,63.0,3906.4,67.7,5770.1,271.1,6.9
2023-10-01,Vancouver,1664.7,65.7,1767.9,69.8,2533.6,103.2,5.8
2023-11-01,Montreal,2363.2,63.9,2514.3,68.0,3697.3,151.1,6.0
2023-11-01,Toronto,3633.9,62.7,3899.9,67.3,5792.2,266.0,6.8
2023-11-01,Vancouver,1663.3,65.4,1767.1,69.5,2543.2,103.8,5.9
2023-12-01,Montreal,2359.8,63.7,2509.8,67.7,3705.6,150.1,6.0
2023-12-01,Toronto,3624.8,62.3,3894.0,67.0,5815.0,269.2,6.9
2023-12-01,Vancouver,1676.3,65.7,1789.4,70.1,2552.9,113.1,6.3
2024-01-01,Montreal,2339.0,63.0,2483.2,66.8,3714.8,144.2,5.8
2024-01-01,Toronto,3617.0,61.9,3895.2,66.7,5839.6,278.3,7.1
2024-01-01,Vancouver,1667.0,65.0,1763.7,68.8,2564.4,96.6,5.5
2024-02-01,Montreal,2336.2,62.7,2480.6,66.6,3724.0,144.4,5.8
2024-02-01,Toronto,3621.7,61.8,3916.0,66.8,5863.2,294.3,7.5
2024-02-01,Vancouver,1670.0,64.9,1759.6,68.3,2575.0,89.6,5.1
2024-03-01,Montreal,2338.2,62.6,2481.4,66.5,3733.8,143.2,5.8
2024-03-01,Toronto,3643.6,61.9,3950.2,67.1,5885.7,306.6,7.8
2024-03-01,Vancouver,1668.2,64.5,1770.9,68.5,2585.5,102.6,5.8
2024-04-01,Montreal,2331.1,62.2,2477.3,66.2,3744.8,146.2,5.9
2024-04-01,Toronto,3654.9,61.8,3968.4,67.1,5910.8,313.6,7.9
2024-04-01,Vancouver,1679.6,64.7,1777.7,68.5,2596.7,98.1,5.5
2024-05-01,Montreal,2338.0,62.2,2492.1,66.3,3756.1,154.1,6.2
2024-05-01,Toronto,3679.2,62.0,3983.0,67.1,5934.8,303.8,7.6
2024-05-01,Vancouver,1666.3,63.9,1770.6,67.9,2608.0,104.3,5.9
2024-06-01,Montreal,2336.0,62.0,2502.3,66.4,3767.7,166.2,6.6
2024-06-01,Toronto,3661.3,61.5,3964.0,66.5,5956.8,302.7,7.6
2024-06-01,Vancouver,1654.8,63.2,1756.2,67.1,2619.0,101.4,5.8
2024-07-01,Montreal,2351.8,62.2,2519.3,66.7,3779.5,167.5,6.6
2024-07-01,Toronto,3676.7,61.5,3977.1,66.5,5980.6,300.4,7.6
2024-07-01,Vancouver,1670.4,63.5,1776.1,67.5,2630.2,105.8,6.0
2024-08-01,Montreal,2369.7,62.5,2540.0,67.0,3790.2,170.3,6.7
2024-08-01,Toronto,3689.6,61.5,4041.4,67.3,6001.9,351.8,8.7
2024-08-01,Vancouver,1661.6,62.9,1770.2,67.1,2640.1,108.6,6.1
2024-09-01,Montreal,2372.4,62.4,2530.9,66.6,3801.4,158.6,6.3
2024-09-01,Toronto,3687.9,61.2,4001.4,66.5,6021.1,313.5,7.8
2024-09-01,Vancouver,1663.8,62.8,1775.8,67.0,2650.1,112.0,6.3
2024-10-01,Montreal,2381.2,62.5,2554.3,67.0,3810.5,173.1,6.8
2024-10-01,Toronto,3695.5,61.2,4012.2,66.5,6036.6,316.7,7.9
2024-10-01,Vancouver,1677.4,63.1,1789.4,67.3,2657.5,112.0,6.3
2024-11-01,Montreal,2393.5,62.7,2568.9,67.3,3818.5,175.4,6.8
2024-11-01,Toronto,3684.7,60.9,4054.5,67.0,6048.7,369.8,9.1
2024-11-01,Vancouver,1673.4,62.8,1789.4,67.2,2663.5,116.0,6.5
2024-12-01,Montreal,2409.8,63.0,2568.9,67.1,3826.7,159.1,6.2
2024-12-01,Toronto,3717.2,61.3,4065.7,67.1,6060.4,348.5,8.6
2024-12-01,Vancouver,1676.3,62.8,1789.9,67.0,2669.7,113.6,6.3
2025-01-01,Montreal,2412.9,62.9,2581.4,67.3,3833.8,168.5,6.5
2025-01-01,Toronto,3743.3,61.7,4100.4,67.5,6070.9,357.1,8.7
2025-01-01,Vancouver,1696.6,63.4,1820.2,68.0,2675.3,123.7,6.8
2025-02-01,Montreal,2413.0,62.8,2577.7,67.1,3839.5,164.7,6.4
2025-02-01,Toronto,3756.9,61.8,4107.2,67.6,6079.7,350.3,8.5
2025-02-01,Vancouver,1703.5,63.5,1829.0,68.2,2680.8,125.5,6.9
2025-03-01,Montreal,2413.4,62.8,2590.0,67.4,3845.5,176.5,6.8
2025-03-01,Toronto,3726.6,61.2,4083.3,67.1,6089.2,356.6,8.7
2025-03-01,Vancouver,1710.1,63.7,1825.8,68.0,2685.9,115.7,6.3
2025-04-01,Montreal,2416.3,62.7,2600.0,67.5,3851.8,183.8,7.1
2025-04-01,Toronto,3733.3,61.2,4081.5,66.9,6098.2,348.2,8.5
2025-04-01,Vancouver,1702.3,63.3,1817.0,67.5,2691.0,114.7,6.3
2025-05-01,Montreal,2399.4,62.2,2569.6,66.6,3857.2,170.2,6.6
2025-05-01,Toronto,3715.4,60.9,4081.5,66.9,6103.4,366.1,9.0
2025-05-01,Vancouver,1713.0,63.6,1832.1,68.0,2694.0,119.1,6.5
2025-06-01,Montreal,2418.4,62.6,2600.2,67.3,3864.5,181.8,7.0
2025-06-01,Toronto,3730.4,61.1,4079.0,66.8,6109.9,348.6,8.5
2025-06-01,Vancouver,1725.8,64.0,1834.3,68.0,2698.3,108.6,5.9
2025-07-01,Montreal,2396.8,61.9,2557.4,66.1,3869.5,160.6,6.3
2025-07-01,Toronto,3697.9,60.5,4065.6,66.5,6114.3,367.7,9.0
2025-07-01,Vancouver,1699.4,62.9,1812.0,67.1,2702.0,112.6,6.2
2025-08-01,Montreal,2395.1,61.8,2568.7,66.3,3873.2,173.5,6.8
2025-08-01,Toronto,3701.9,60.5,4057.5,66.3,6118.0,355.6,8.8
2025-08-01,Vancouver,1679.9,62.1,1795.9,66.4,2705.0,116.0,6.5
2025-09-01,Montreal,2404.9,62.1,2564.7,66.2,3872.4,159.8,6.2
2025-09-01,Toronto,3719.7,60.8,4071.6,66.5,6122.8,351.9,8.6
2025-09-01,Vancouver,1688.3,62.4,1799.8,66.5,2706.2,111.5,6.2
2025-10-01,Montreal,2422.3,62.6,2572.7,66.5,3871.3,150.4,5.8
2025-10-01,Toronto,3744.2,61.1,4081.9,66.6,6126.3,337.7,8.3
2025-10-01,Vancouver,1683.9,62.2,1797.8,66.4,2706.3,113.8,6.3
2025-11-01,Montreal,2420.3,62.5,2567.7,66.3,3870.0,147.4,5.7
2025-11-01,Toronto,3782.0,61.7,4103.1,66.9,6129.3,321.2,7.8
2025-11-01,Vancouver,1693.1,62.6,1803.4,66.6,2706.1,110.2,6.1
2025-12-01,Montreal,2398.7,62.0,2557.2,66.1,3867.5,158.5,6.2
2025-12-01,Toronto,3757.4,61.3,4089.3,66.7,6131.2,331.9,8.1
2025-12-01,Vancouver,1687.0,62.3,1804.7,66.7,2705.8,117.8,6.5
2026-01-01,Montreal,2428.9,62.8,2592.9,67.1,3865.4,164.0,6.3
2026-01-01,Toronto,3737.4,61.0,4048.8,66.1,6123.8,311.4,7.7
2026-01-01,Vancouver,1691.4,62.6,1802.8,66.7,2702.4,111.4,6.2
2026-02-01,Montreal,2372.5,61.4,2556.6,66.2,3861.8,184.1,7.2
2026-02-01,Toronto,3742.0,61.2,4087.8,66.8,6118.2,345.8,8.5
2026-02-01,Vancouver,1680.8,62.3,1783.7,66.1,2699.2,103.0,5.8
2026-03-01,Montreal,2396.3,62.1,2559.9,66.3,3858.4,163.7,6.4
2026-03-01,Toronto,3724.3,60.9,4059.1,66.4,6114.4,334.7,8.2
2026-03-01,Vancouver,1674.3,62.1,1795.6,66.6,2696.7,121.3,6.8
2026-04-01,Montreal,2373.1,61.6,2570.4,66.7,3855.1,197.3,7.7
2026-04-01,Toronto,3760.0,61.5,4083.5,66.8,6109.9,323.5,7.9
2026-04-01,Vancouver,1677.1,62.3,1802.6,66.9,2694.0,125.6,7.0
2026-05-01,Montreal,2408.4,62.5,2576.0,66.9,3852.3,167.5,6.5
2026-05-01,Toronto,3768.3,61.7,4042.2,66.2,6107.0,273.8,6.8
2026-05-01,Vancouver,1692.3,62.9,1807.5,67.1,2692.1,115.2,6.4
2026-06-01,Montreal,2467.0,64.1,2621.7,68.1,3850.5,154.7,5.9
2026-06-01,Toronto,3752.9,61.5,4031.5,66.0,6104.8,278.6,6.9
2026-06-01,Vancouver,1698.3,63.1,1818.2,67.6,2691.2,119.9,6.6
2026-07-01,Montreal,2429.3,63.1,2599.9,67.6,3847.2,170.6,6.6
2026-07-01,Toronto,3793.4,62.2,4065.8,66.6,6102.8,272.4,6.7
2026-07-01,Vancouver,1707.1,63.5,1815.5,67.5,2689.7,108.4,6.0
